{"cameraMode":{"drawMode":0,"name":"Shaded","section":"Shading Mode"},"sceneLighting":true,"audioPlay":false,"sceneViewState":{"showFog":true,"showMaterialUpdate":false,"showSkybox":true,"showFlares":true,"showImageEffects":true,"showParticleSystems":true},"in2DMode":false,"pivot":{"x":73.36396789550781,"y":-28.261093139648439,"z":454.41754150390627},"rotation":{"x":0.3427664339542389,"y":0.11234983801841736,"z":-0.04133633151650429,"w":0.931775689125061},"size":108.65800476074219,"orthographic":false}