{"cameraMode":{"drawMode":0,"name":"Shaded","section":"Shading Mode"},"sceneLighting":false,"audioPlay":false,"sceneViewState":{"showFog":true,"showMaterialUpdate":false,"showSkybox":false,"showFlares":true,"showImageEffects":true,"showParticleSystems":true},"in2DMode":false,"pivot":{"x":10.373592376708985,"y":0.5013113021850586,"z":2.6673240661621095},"rotation":{"x":0.06346398591995239,"y":0.9061956405639648,"z":-0.1470080316066742,"w":0.39144235849380495},"size":26.13901138305664,"orthographic":false}