{"cameraMode":{"drawMode":0,"name":"Shaded","section":"Shading Mode"},"sceneLighting":false,"audioPlay":false,"sceneViewState":{"showFog":true,"showMaterialUpdate":false,"showSkybox":false,"showFlares":true,"showImageEffects":true,"showParticleSystems":true},"in2DMode":false,"pivot":{"x":0.000001430511474609375,"y":0.2451188564300537,"z":-0.0024938583374023439},"rotation":{"x":0.06346398591995239,"y":0.9061956405639648,"z":-0.1470080316066742,"w":0.39144235849380495},"size":26.812122344970704,"orthographic":false}