{"cameraMode":{"drawMode":0,"name":"Shaded","section":"Shading Mode"},"sceneLighting":true,"audioPlay":false,"sceneViewState":{"showFog":true,"showMaterialUpdate":false,"showSkybox":true,"showFlares":true,"showImageEffects":true,"showParticleSystems":true},"in2DMode":false,"pivot":{"x":50.975528717041019,"y":-49.92937469482422,"z":483.4715270996094},"rotation":{"x":0.15413793921470643,"y":0.12414082139730454,"z":-0.019529789686203004,"w":0.9800384044647217},"size":184.2710723876953,"orthographic":false}